[
    {
        "id": 1,
        "first_name": "Nola",
        "last_name": "Gittings",
        "email": "lgittings0@about.com",
        "phone": "792-664-9140",
        "purchase_total": 417.27,
        "salesperson": "Steve"
    },
    {
        "id": 2,
        "first_name": "Roma",
        "last_name": "Londors",
        "email": "klondors1@nhs.uk",
        "phone": "207-828-8357",
        "purchase_total": 41.70,
        "salesperson": "Cindy"
    },
    {
        "id": 3,
        "first_name": "Carolan",
        "last_name": "Waugh",
        "email": "swaugh2@cdc.gov",
        "phone": "334-440-8933",
        "purchase_total": 408.06,
        "salesperson": "Cindy"
    },
    {
        "id": 4,
        "first_name": "Goraud",
        "last_name": "Fishlee",
        "email": "ofishlee3@reverbnation.com",
        "phone": "748-584-7486",
        "purchase_total": 249.23,
        "salesperson": "Steve"
    },
    {
        "id": 5,
        "first_name": "Cathlene",
        "last_name": "Seaborn",
        "email": "aseaborn4@list-manage.com",
        "phone": "653-461-3491",
        "purchase_total": 627.56,
        "salesperson": "Steve"
    },
    {
        "id": 6,
        "first_name": "Georgie",
        "last_name": "Godar",
        "email": "fgodar5@sbwire.com",
        "phone": "783-372-6507",
        "purchase_total": 157.56,
        "salesperson": "Cindy"
    },
    {
        "id": 7,
        "first_name": "Benyamin",
        "last_name": "Plampeyn",
        "email": "eplampeyn6@zdnet.com",
        "phone": "866-837-6478",
        "purchase_total": 172.57,
        "salesperson": "Steve"
    },
    {
        "id": 8,
        "first_name": "Ainslie",
        "last_name": "Fritz",
        "email": "dfritz7@economist.com",
        "phone": "969-507-0696",
        "purchase_total": 90.04,
        "salesperson": "Cindy"
    },
    {
        "id": 9,
        "first_name": "Alf",
        "last_name": "Courtliff",
        "email": "acourtliff8@techcrunch.com",
        "phone": "793-910-6222",
        "purchase_total": 566.95,
        "salesperson": "Cindy"
    },
    {
        "id": 10,
        "first_name": "Ginni",
        "last_name": "Floris",
        "email": "cfloris9@photobucket.com",
        "phone": "441-225-2587",
        "purchase_total": 667.06,
        "salesperson": "Cindy"
    },
    {
        "id": 11,
        "first_name": "Ewart",
        "last_name": "Bonas",
        "email": "gbonasa@theatlantic.com",
        "phone": "785-297-8028",
        "purchase_total": 839.42,
        "salesperson": "Carol"
    },
    {
        "id": 12,
        "first_name": "Zack",
        "last_name": "Wheal",
        "email": "vwhealb@cam.ac.uk",
        "phone": "205-132-2520",
        "purchase_total": 674.97,
        "salesperson": "Carol"
    },
    {
        "id": 13,
        "first_name": "Clarice",
        "last_name": "Dyott",
        "email": "adyottc@google.co.jp",
        "phone": "822-950-9606",
        "purchase_total": 227.36,
        "salesperson": "Steve"
    },
    {
        "id": 14,
        "first_name": "Lock",
        "last_name": "Rohan",
        "email": "prohand@sciencedaily.com",
        "phone": "737-296-0747",
        "purchase_total": 650.77,
        "salesperson": "Steve"
    },
    {
        "id": 15,
        "first_name": "Kara",
        "last_name": "Ivel",
        "email": "divele@walmart.com",
        "phone": "479-447-3926",
        "purchase_total": 873.49,
        "salesperson": "Cindy"
    },
    {
        "id": 16,
        "first_name": "Brig",
        "last_name": "Breen",
        "email": "nbreenf@epa.gov",
        "phone": "400-821-8083",
        "purchase_total": 701.27,
        "salesperson": "Steve"
    },
    {
        "id": 17,
        "first_name": "Elysha",
        "last_name": "Valencia",
        "email": "bvalenciag@buzzfeed.com",
        "phone": "943-232-1010",
        "purchase_total": 894.87,
        "salesperson": "Steve"
    },
    {
        "id": 18,
        "first_name": "Arda",
        "last_name": "Van der Daal",
        "email": "cvanderdaalh@bravesites.com",
        "phone": "563-878-6049",
        "purchase_total": 835.45,
        "salesperson": "Cindy"
    },
    {
        "id": 19,
        "first_name": "Corby",
        "last_name": "Ianetti",
        "email": "cianettii@who.int",
        "phone": "717-441-5555",
        "purchase_total": 297.60,
        "salesperson": "Cindy"
    },
    {
        "id": 20,
        "first_name": "Ophelia",
        "last_name": "Endersby",
        "email": "oendersbyj@ca.gov",
        "phone": "361-567-8204",
        "purchase_total": 299.16,
        "salesperson": "Steve"
    },
    {
        "id": 21,
        "first_name": "Juline",
        "last_name": "Flanders",
        "email": "lflandersk@pbs.org",
        "phone": "823-877-3756",
        "purchase_total": 554.40,
        "salesperson": "Steve"
    },
    {
        "id": 22,
        "first_name": "Gwendolen",
        "last_name": "Dibden",
        "email": "gdibdenl@army.mil",
        "phone": "751-284-4251",
        "purchase_total": 810.05,
        "salesperson": "Carol"
    },
    {
        "id": 23,
        "first_name": "Livia",
        "last_name": "Aldcorn",
        "email": "maldcornm@globo.com",
        "phone": "619-697-1379",
        "purchase_total": 255.29,
        "salesperson": "Mark"
    },
    {
        "id": 24,
        "first_name": "El",
        "last_name": "Ritchman",
        "email": "nritchmann@time.com",
        "phone": "564-941-7262",
        "purchase_total": 773.96,
        "salesperson": "Mark"
    },
    {
        "id": 25,
        "first_name": "Gabrielle",
        "last_name": "Dalliston",
        "email": "bdallistono@uiuc.edu",
        "phone": "629-946-9176",
        "purchase_total": 57.43,
        "salesperson": "Steve"
    },
    {
        "id": 26,
        "first_name": "Edie",
        "last_name": "Kerwen",
        "email": "mkerwenp@virginia.edu",
        "phone": "757-256-7789",
        "purchase_total": 992.70,
        "salesperson": "Steve"
    },
    {
        "id": 27,
        "first_name": "Shina",
        "last_name": "Gerrens",
        "email": "fgerrensq@weibo.com",
        "phone": "209-195-3217",
        "purchase_total": 532.73,
        "salesperson": "Cindy"
    },
    {
        "id": 28,
        "first_name": "Jo",
        "last_name": "Feldbrin",
        "email": "bfeldbrinr@phpbb.com",
        "phone": "724-591-8054",
        "purchase_total": 743.86,
        "salesperson": "Jackson"
    },
    {
        "id": 29,
        "first_name": "Luciana",
        "last_name": "Litterick",
        "email": "zlittericks@ucsd.edu",
        "phone": "990-629-8745",
        "purchase_total": 378.62,
        "salesperson": "Steve"
    },
    {
        "id": 30,
        "first_name": "Evvy",
        "last_name": "Chavey",
        "email": "hchaveyt@shareasale.com",
        "phone": "109-430-1404",
        "purchase_total": 66.64,
        "salesperson": "Cindy"
    }
]